5;VideoPlayer
8;Icon
9;FLVPlayback
82;__Packages.com.greensock.core.TweenCore
83;__Packages.com.greensock.core.SimpleTimeline
84;__Packages.com.greensock.TweenLite
85;__Packages.com.greensock.core.PropTween
1;__Packages.mx.video.FLVPlayback
10;__Packages.mx.video.VideoPlayer
11;__Packages.mx.video.INCManager
12;__Packages.mx.events.EventDispatcher
13;__Packages.mx.video.VideoError
14;__Packages.mx.video.UIManager
15;__Packages.mx.utils.Delegate
16;__Packages.mx.video.SMILManager
17;__Packages.mx.video.FPADManager
18;__Packages.mx.video.NCManager
19;__Packages.mx.video.CuePointManager
